,0,Gamer
0,@miquelmontoro,Miquel Montoro
1,@jesuscastro17,Jesús Castro
2,@seguimarc,Marc Seguí
3,@nudelolablog,Lola Rodríguez
4,@pablogshow,PabloGShow
5,@benjiverdes,Benji Verdes
6,@zeling1327,Zeling
7,@carmensandwich,Carmen Sandwich
8,@thanix4375,Thanix
9,@lakshartnia,LakshartNia
10,@noe9977,Noe9977
11,@robertpg,RobertPG
12,@experimentoscaseros4436,Experimentos Caseros
13,@nicoabadtv,Nico Abad
14,@pazboris,Paz Boris
15,@celopan,Celopan
16,@deiakxz,Deiak
17,@lyragamer,LyraGamer
18,@ileovlogs,ILeoVlogs
19,@ampeterby6573,Ampeterby
20,@poker988tv,Poker988TV
21,@k3nny14k,Flexz
22,@vicenss7364,Vicenss
23,@peterdgames,PeterDGames
24,@gladop,Gladop
25,@suja1350,Suja
26,@dheylo,Dheylo
27,@nilojeda1348,Nil Ojeda
28,@yuste3929,Yuste
29,@polispol,Polispol
30,@tamayostuff,Tamayo
31,@djmariio,DJMARIIO
32,@andreacompton,ANDREA COMPTON
33,@davidsuarezoficial,DAVID SUAREZ
34,@joaquinreyes-joako-photog,JOAQUIN REYES
35,@kronnozomberoficial,KRONNO ZOMBER
36,@juanlebron3468,JUAN LEBRÓN
37,@chanel,CHANEL
38,@pazos5366,PAZOS
39,@raysnakeyes,RAYSNAKEYES
40,@alexelcapo,ALEX EL CAPO
41,@angelmartin7310,ANGEL MARTIN
42,@jorgeyoryayt,JORGE YORYA
43,@axozer,AXOZER
44,@dheylo,DHEYLO
45,@anamarreroph,ANA MARRERO
46,@soki,SOKI
